date_key,vix_level,dxy_index,risk_sentiment,news_sentiment_score,social_sentiment_score
2023-01-02,19.246299421974786,103.33030561488256,RISK_ON,-0.31099628971507665,-0.9917970991396658
2023-01-03,24.46324398535306,99.37898821730334,RISK_ON,0.2513343612631862,-0.31412976832658934
2023-01-04,14.098631349997873,103.91242905750615,RISK_ON,0.8208221791562322,0.9377186709355769
2023-01-05,27.615744758455406,101.14785623716958,RISK_OFF,-0.4520187990548199,0.3899349212116934
2023-01-06,28.67720843464597,98.52348766809602,RISK_ON,0.010233436941348817,-0.19734911211755213
2023-01-09,34.195727326928136,107.48656157706564,RISK_ON,0.9173813078235107,-0.6148478053063193
2023-01-10,17.98913925113665,104.41490369064287,RISK_ON,-0.6552077134030947,-0.28782065249050603
2023-01-11,12.424497637989521,106.76918931870847,RISK_ON,0.4393278511934231,-0.6603211333975041
2023-01-12,24.548994681824464,104.76056005013253,RISK_OFF,0.2289620164059647,-0.7873883573740972
2023-01-13,28.256181601126734,101.56983692140113,NEUTRAL,0.35935026228126965,0.8134847451451077
2023-01-16,30.179371945308723,103.12688072328811,NEUTRAL,-0.29756073866486066,0.9953006767509471
2023-01-17,16.455995459570644,104.75746760347177,NEUTRAL,-0.37224125303247013,-0.6717711208084194
2023-01-18,18.020315987851546,107.60252325201438,NEUTRAL,0.3684193411767409,-0.8909548822434405
2023-01-19,23.789591281147814,100.53669459121697,RISK_ON,-0.5689134297909093,-0.3405377857075753
2023-01-20,19.60381862931004,106.74977058624117,NEUTRAL,-0.16069051028198977,-0.07668163847716936
2023-01-23,31.791764191511234,107.24077805294269,NEUTRAL,-0.623650707894164,-0.590357505848291
2023-01-24,22.896483535990566,104.70415514658957,RISK_OFF,-0.9833903177533405,-0.3971501764028831
2023-01-25,30.390308814346067,107.31266627401338,RISK_OFF,0.9401147200761388,-0.5982585286166846
2023-01-26,25.35425449109414,101.97878587477368,RISK_OFF,-0.1365940426871619,0.5485211368649026
2023-01-27,29.781073257193576,107.53016176040443,RISK_ON,0.9386992288396505,0.4251558864945215
2023-01-30,19.65147869019745,105.02782877165976,RISK_ON,-0.7193529604643478,0.2699030315219635
2023-01-31,31.122582304397156,98.42005767418812,RISK_ON,0.1747335589149721,-0.2255642858415905
2023-02-01,18.315163257673497,107.06872831819052,RISK_OFF,-0.5980519344175208,0.8180818826284719
2023-02-02,24.56027258407569,102.84472809033193,NEUTRAL,0.5801482539265495,0.93906508307004
2023-02-03,16.922163602999106,102.60326984777834,RISK_OFF,0.5674059775219504,-0.652721374749176
2023-02-06,22.937109997402445,103.66466605979635,RISK_ON,-0.7747857019213764,-0.5539747171762439
2023-02-07,19.31802981870017,99.49384546771228,RISK_OFF,0.8241289057527783,0.0512620560007393
2023-02-08,18.134178904655926,102.69166048567399,NEUTRAL,-0.6107407055935508,-0.8174988614355094
2023-02-09,34.24065541464486,106.31127216717746,RISK_ON,0.2259546831787207,-0.12710320235377437
2023-02-10,15.681704426194804,98.15482459137516,NEUTRAL,0.9712672401754081,0.1635825295554203
2023-02-13,30.10849426152009,100.72917160324371,NEUTRAL,0.7647930695327276,0.04414714227466621
2023-02-14,34.63579406811394,98.02454586443844,RISK_ON,0.913127857122338,-0.33818283384394787
2023-02-15,12.45773412602179,102.15711309149849,NEUTRAL,-0.31480245756376113,0.08489161215441365
2023-02-16,28.077630522968185,105.28315510493735,RISK_OFF,-0.7888487155610733,0.9176019085176956
2023-02-17,17.816971527794603,105.98771829114628,NEUTRAL,-0.6233062534210998,-0.5879651914172479
2023-02-20,12.931219959551003,107.45189761127007,NEUTRAL,0.0009897901532276432,0.3096627167880073
2023-02-21,21.266460316002508,104.08504612970786,NEUTRAL,0.5864593565466443,-0.9132066116878963
2023-02-22,33.510009633930125,100.54626866652896,RISK_OFF,-0.6996927116322496,-0.8671671910371301
2023-02-23,12.270597170440947,107.24147949136699,NEUTRAL,0.3194630645215142,0.10365644844717004
2023-02-24,25.52137091438498,105.75315753880376,NEUTRAL,-0.3528447919209763,-0.7901216393441011
2023-02-27,23.532119007692458,103.74428483003145,RISK_OFF,-0.317595855215693,-0.9553064231462853
2023-02-28,32.08783578053409,104.95640215718936,RISK_ON,0.32383546031585264,-0.6569740047039556
2023-03-01,13.93203943397439,107.24316355007429,RISK_ON,-0.06600116093355957,0.12969834199914887
2023-03-02,27.675098687392957,105.12394028472922,RISK_ON,0.6240665860519878,0.40668190903786483
2023-03-03,27.642523063965378,101.68374507584734,NEUTRAL,-0.6881629806743459,-0.59504287171724
2023-03-06,27.388840387832516,105.13028202289097,RISK_ON,0.5798965395340769,0.336518874416349
2023-03-07,33.67369338350585,98.40278162735387,RISK_OFF,-0.8715295038851583,-0.6350473378015413
2023-03-08,30.931013167158248,101.86415561830582,NEUTRAL,-0.61189223950879,0.22691485326251426
2023-03-09,12.965372703600638,102.0632303184558,NEUTRAL,0.3122994290063308,-0.1760806402084023
2023-03-10,22.8349055662038,99.66838234420835,NEUTRAL,0.7098513130221424,0.3075990186672335
2023-03-13,21.152920292630668,98.23085480551771,RISK_ON,-0.4946407445213019,0.9901055049584946
2023-03-14,19.133386085088446,99.33381236637743,RISK_ON,-0.34561678834217413,0.8756339304651239
2023-03-15,22.38074467854424,104.54621495797055,RISK_ON,0.07424149657347989,-0.9914364843277927
2023-03-16,20.83646625329748,106.02288816363688,NEUTRAL,-0.5768543870213954,0.7708775287246115
2023-03-17,21.943679697209305,107.88203492726974,RISK_OFF,0.6223125231750113,-0.867018409650467
2023-03-20,34.523022908998776,101.46363503108495,NEUTRAL,0.5472732900115216,0.9060931723196899
2023-03-21,14.038558419240358,103.99379222261102,RISK_OFF,-0.7094165760684368,-0.4363486418006306
2023-03-22,33.21131000629079,107.37144966815121,NEUTRAL,-0.07234053636673576,-0.2359303391774581
2023-03-23,23.045444409833614,99.67041781338153,RISK_OFF,0.5496555333092428,-0.8167235896485443
2023-03-24,26.34607164648945,105.17645586342742,NEUTRAL,-0.3253409377931704,-0.7754544833421808
2023-03-27,31.09420823220696,105.54978733149163,NEUTRAL,0.26621364543546333,0.45348113045863925
2023-03-28,20.290649670432877,98.88975535869338,RISK_OFF,-0.8995737570848545,0.8886644714965832
2023-03-29,21.89970388602324,106.61249385183065,RISK_OFF,0.21737752105863595,0.221496989908619
2023-03-30,21.418925046410422,106.13105047110844,RISK_OFF,-0.694694039998786,0.4317000310536221
2023-03-31,20.618813518322476,98.33403006577434,RISK_OFF,0.6611666502289026,0.523939489194307
2023-04-03,33.28717439787859,98.91084414880052,RISK_OFF,-0.28910107283904307,-0.4743714508941166
2023-04-04,31.06538749743928,98.49126893891852,RISK_OFF,-0.43689227454360857,-0.9095407381595702
2023-04-05,14.50699976684845,101.34743531799363,RISK_OFF,0.68177795342297,-0.9962545121616628
2023-04-06,14.486837106973208,103.09288990679926,RISK_OFF,-0.8997119538563796,-0.2987014340919627
2023-04-07,21.8409988416188,103.32347727954628,NEUTRAL,-0.20678240133131043,-0.5170715436015678
2023-04-10,14.269119664854609,100.67666759769443,RISK_OFF,-0.25999291884993725,-0.8753645499016287
2023-04-11,26.239141191235753,107.11596886560274,RISK_OFF,-0.4303992515008983,-0.6409434150126665
2023-04-12,15.30490696701988,101.68262789871913,NEUTRAL,0.8235086640029541,-0.7510022034641044
2023-04-13,24.014585071236425,98.45550155965353,NEUTRAL,0.5018567870334445,0.8297567612347407
2023-04-14,12.166058781085509,101.00227111541386,RISK_ON,-0.8721536716161225,-0.7194655730816621
2023-04-17,19.281716013490875,103.31109422544155,RISK_ON,0.4293748988699082,0.07529692797535836
2023-04-18,27.575386644471074,102.08221822588231,RISK_OFF,0.0545982662575879,0.18621191022432915
2023-04-19,23.132895625240515,100.73842519099259,RISK_OFF,0.8017357888031584,0.08697891541726754
2023-04-20,34.50019817797673,99.31323249764317,RISK_ON,-0.3741087653032831,-0.801887131568024
2023-04-21,32.10438730952285,106.1916450009623,RISK_ON,0.14832399921916584,-0.3624032764988976
2023-04-24,20.258627917992477,107.96145242124192,RISK_OFF,0.0015105494819720455,-0.8974593350736935
2023-04-25,13.046190453862316,101.29542133523881,RISK_ON,-0.02087818754478854,-0.20866017180736796
2023-04-26,31.449404902645433,101.81621044176605,RISK_OFF,-0.08778920096557474,-0.622802137456816
2023-04-27,32.95838913723745,104.18037524676957,NEUTRAL,-0.5887410489354374,0.12326506656875957
2023-04-28,30.874430048637848,105.18441474735542,NEUTRAL,0.5114198449847855,0.38561678769820107
2023-05-01,14.942848641154592,101.9202953480359,RISK_ON,-0.09732793452142263,0.06423972040941295
2023-05-02,34.95204809148262,107.04929516981815,NEUTRAL,0.9170325500052114,-0.1315266067772085
2023-05-03,17.9474370957138,103.60003989228919,NEUTRAL,-0.4783831456144474,-0.22533315828661515
2023-05-04,28.65671299459251,102.50390076405931,NEUTRAL,0.3654876792540822,0.6833835361940075
2023-05-05,32.884802155721594,104.46672753159905,NEUTRAL,0.8814341592782169,-0.5612638698694599
2023-05-08,17.42080362960632,107.52803848249174,RISK_OFF,0.32691664603218507,0.46843667905773767
2023-05-09,32.88994675757252,105.94552294421706,RISK_OFF,0.7425458152347892,0.514964649480238
2023-05-10,19.11807632148194,98.40013130535124,RISK_ON,0.6549619195140122,-0.16159998545853105
2023-05-11,34.45750411483329,101.3230991073996,NEUTRAL,-0.2797645690219923,-0.4053988015487213
2023-05-12,18.468980468750914,102.70544684951223,NEUTRAL,0.20024787987899306,-0.058917027908049535
2023-05-15,33.929023969430204,101.14517572209105,NEUTRAL,-0.6874773203772888,-0.813572148214603
2023-05-16,13.231526970531522,105.00187560830456,RISK_ON,0.07105176539119906,-0.90813993554182
2023-05-17,28.3132562684057,106.26269149862581,RISK_OFF,-0.5391560563713256,-0.7767936010962164
2023-05-18,24.238556078251086,105.31345095185272,NEUTRAL,0.4874736299048912,-0.6257099370755477
2023-05-19,22.991172773822804,107.89333286828276,RISK_OFF,0.05611684378424919,0.008353640676086016
2023-05-22,17.14036922788432,100.72547647893029,RISK_ON,-0.17754527473667903,0.6982732723222442
2023-05-23,28.228703164859315,106.74989495024421,RISK_OFF,-0.4624058076660449,-0.528715336000626
2023-05-24,16.388618303265062,105.66622665174486,NEUTRAL,0.9973969636825737,0.8703240214935561
2023-05-25,24.71536130764967,101.62178757558146,RISK_OFF,-0.8565789582301346,0.9098158178700069
2023-05-26,17.82464334992577,105.3412454365697,RISK_OFF,-0.91287863885516,0.9178092096904105
2023-05-29,33.97929173497119,99.04075956418247,RISK_ON,-0.5654851990122709,0.6751254693526476
2023-05-30,12.658517458220015,105.89333482340552,RISK_ON,0.9421449172556393,-0.2723499184045588
2023-05-31,16.59375044255844,103.32330602587103,RISK_ON,0.9584763366399689,-0.8546321779947539
2023-06-01,17.573143946911298,100.92290172709254,RISK_ON,0.3098554695442719,0.13763746353298978
2023-06-02,21.523559992659777,104.5577730178418,RISK_OFF,0.7602133344128095,0.11736288787446747
2023-06-05,17.35279556301123,104.4161999871441,RISK_OFF,-0.5720765383184092,0.6999515342191911
2023-06-06,23.30102907618206,100.094862227196,RISK_ON,0.9440841883532471,0.9919821018922104
2023-06-07,32.0667070349464,98.30397414811526,RISK_ON,-0.7144302997208707,0.01631461312029514
2023-06-08,28.37745869241093,102.33622586901674,NEUTRAL,-0.7977496236366834,-0.3095919379204315
2023-06-09,25.339125552307554,103.69511869344421,NEUTRAL,-0.7755769215054542,-0.628196576887466
2023-06-12,14.047073093601632,106.76605278370599,RISK_ON,0.14625584654512935,-0.9904003503652585
2023-06-13,27.96181849295334,107.28216795647594,RISK_OFF,0.5619488014361047,0.018227384977758332
2023-06-14,15.827528539151617,103.28805218156766,RISK_ON,-0.2666656442507338,0.11103733340519151
2023-06-15,30.086449877119055,105.53803483768544,RISK_OFF,0.955791975572253,0.6498769596347949
2023-06-16,17.75130544573352,102.39303272327997,RISK_OFF,-0.13115972376334106,0.009153935785601197
2023-06-19,21.59212075138072,105.46082156572893,NEUTRAL,-0.6991028984535674,0.8329366973321131
2023-06-20,20.06081465331234,100.04801524939167,RISK_ON,-0.0680665036277266,0.25616695314287097
2023-06-21,31.752720037521705,101.71064734803531,RISK_ON,0.3580743308448797,0.6806724764421663
2023-06-22,14.910522550408388,104.34227998813614,RISK_OFF,0.6644515610087574,-0.7033965303845058
2023-06-23,25.00983229485014,98.1815796560708,RISK_ON,-0.08246342008681418,0.7106722606046294
2023-06-26,15.267417017190432,105.22461310338954,NEUTRAL,0.18721365209833496,0.3502877088876968
2023-06-27,28.210304231040293,106.35535501268167,NEUTRAL,-0.4653105756822933,-0.6595339351233389
2023-06-28,32.81679693927307,101.99141661093951,RISK_ON,0.291833052811028,-0.6204728837079783
2023-06-29,21.99597603894683,102.47942417177164,RISK_ON,0.9719438879006874,0.8530012380884426
2023-06-30,23.226121986094444,106.51282212216532,NEUTRAL,-0.9018928548244123,-0.9355692790992542
2023-07-03,33.33072523910353,105.75654635326033,RISK_ON,0.7730613414103356,-0.0749301134085878
2023-07-04,23.982801938935214,100.88149489033376,RISK_OFF,0.12456500553504557,-0.37304942013179687
2023-07-05,23.214764075139904,101.23976106561538,RISK_ON,-0.49580268087540014,0.3301548799968561
2023-07-06,25.301569362198997,104.78878232390596,RISK_OFF,0.9097794200185159,0.6792587751379839
2023-07-07,27.852283936347895,103.63198092448161,RISK_ON,-0.03329139388220215,-0.27924375688686087
2023-07-10,14.458317627001723,99.62229571096496,RISK_ON,-0.33661949665322877,-0.14619582535432563
2023-07-11,30.88554213805487,101.09929909229166,NEUTRAL,-0.6370047434583177,0.9638355690028284
2023-07-12,22.016615631424962,106.99983276878655,RISK_OFF,-0.5110955794866758,0.5678330193584056
2023-07-13,13.664015727642168,104.88174436722264,NEUTRAL,0.6656980831828851,0.7944082618635828
2023-07-14,30.0822013915589,107.85974317685519,RISK_ON,0.22882001863433166,-0.12247555869674054
2023-07-17,20.669849348784258,105.6701252998077,NEUTRAL,0.8264912389766321,-0.5318475920317696
2023-07-18,14.30845238718624,107.4197443214359,RISK_ON,-0.5360630956844283,-0.17627306922709662
2023-07-19,26.57691790949476,100.16188573870475,RISK_ON,-0.757722852302197,0.432183835663027
2023-07-20,32.24302112897376,105.71484874816926,RISK_ON,-0.98782493804882,-0.7811391903280414
2023-07-21,32.41833071652169,98.20217520147797,RISK_OFF,0.0157240752319876,-0.45906178876698234
2023-07-24,34.02625992060638,104.70760021711534,RISK_OFF,0.9966138607639763,-0.9067281990768192
2023-07-25,31.957225574633824,102.69282278120241,RISK_OFF,0.3899305376372779,-0.13530452332373688
2023-07-26,12.04924114494593,101.46760071920069,NEUTRAL,-0.38321081606970786,0.6548914719592265
2023-07-27,20.745546827507976,106.62404352293089,RISK_ON,0.7537171660523434,-0.9506726234039784
2023-07-28,30.82647933782657,106.54267692657531,NEUTRAL,0.5634445319759194,0.350647053614332
2023-07-31,20.423819137964905,98.22301704898643,NEUTRAL,-0.9691696678469215,0.8649917490274792
2023-08-01,25.835615646733242,104.09505122449431,RISK_ON,0.6337209610820449,-0.5261442769776354
2023-08-02,25.945289789614236,101.67832224320956,NEUTRAL,-0.39894648552300804,0.3872696814552963
2023-08-03,20.39558199289293,102.15661001500449,RISK_ON,-0.7006530708327978,0.9502038022004007
2023-08-04,32.802900327469615,106.32040739218776,RISK_ON,-0.5473383205258509,0.9245561203049264
2023-08-07,23.574251943880704,101.09839771527679,RISK_ON,-0.06284039124972196,-0.5301416139417134
2023-08-08,22.69003673656252,107.4304881063762,RISK_ON,-0.15026414586397796,-0.7993378935758626
2023-08-09,34.94281615022361,99.79633826372141,NEUTRAL,-0.4222254012515465,-0.7034349242081681
2023-08-10,23.35050837367018,104.62722423368177,NEUTRAL,-0.6555633555859346,0.4040713369642843
2023-08-11,16.103159794357364,104.72105067013764,NEUTRAL,0.5244615792843386,0.4515177509065511
2023-08-14,23.800596725859073,100.52195161427917,RISK_OFF,0.9802195674698342,0.348473123256398
2023-08-15,30.72238491695839,101.24750608967202,NEUTRAL,0.5555831608393809,-0.32784322451552383
2023-08-16,29.867787518660474,106.34798492579941,NEUTRAL,-0.4081260646569176,-0.6604461204837557
2023-08-17,30.137380597494833,105.61805254954953,RISK_OFF,-0.5103820771757333,0.16152218390450623
2023-08-18,28.28454703195197,101.29095880314759,RISK_ON,-0.5646682478681235,-0.03263910848426699
2023-08-21,17.84701006853383,103.33956546934934,RISK_ON,-0.7266098510219274,0.45766829424460687
2023-08-22,31.827933974325322,98.61680296253095,RISK_ON,0.10266109938460244,-0.11727984262875712
2023-08-23,32.5491997036541,100.0874588239863,RISK_OFF,0.21080074390668835,-0.32272061062706325
2023-08-24,16.465512022226626,102.858205588604,NEUTRAL,0.41100532132627454,-0.4130428452819712
2023-08-25,15.00047964068206,98.85973735279211,NEUTRAL,0.3604267418673359,-0.5770593599005069
2023-08-28,34.43891427754958,106.43332354891938,NEUTRAL,-0.41533337743323506,-0.46850724762667717
2023-08-29,31.971451163958463,105.18006210107647,NEUTRAL,-0.3393779892063069,-0.8103391223117973
2023-08-30,32.54443138582877,107.43633670648495,RISK_OFF,0.36302907088467573,-0.3062859781422209
2023-08-31,32.38665684636109,104.93466905964027,NEUTRAL,-0.30110471843274333,-0.9268603752740836
2023-09-01,24.458796952775753,107.40401372262185,RISK_ON,-0.5747536207613739,-0.6271723056673464
2023-09-04,26.867239943313393,103.54512555690965,RISK_OFF,-0.2513276926065209,0.4935408892388582
2023-09-05,24.54334559907376,104.00218611061969,RISK_OFF,-0.4558316848440447,-0.3490620226467547
2023-09-06,13.177746031377568,107.76971054626262,RISK_ON,-0.8233745575628444,0.33647403395468767
2023-09-07,29.14657096311377,104.42129146864261,RISK_ON,0.6602778045533071,0.4337683511945547
2023-09-08,23.622636766725247,98.30786568860746,NEUTRAL,0.7062227783140727,0.16237068546422706
2023-09-11,26.897308720175285,105.23802776630524,RISK_ON,-0.5604993996662411,0.9173954827307969
2023-09-12,23.560715514437312,107.05468692137416,RISK_OFF,-0.8704556009495965,-0.9571202667537735
2023-09-13,23.311660413416487,105.95580249794327,RISK_OFF,0.477654874702359,0.4773053011762842
2023-09-14,15.951149517988636,103.83833272625422,RISK_OFF,-0.5769427482731726,0.917573287880816
2023-09-15,18.410415448246425,104.71303513093517,NEUTRAL,-0.21312902112627952,0.7245434587058786
2023-09-18,15.653611914710982,107.90191789251672,NEUTRAL,-0.8717294955252335,-0.6642146163899734
2023-09-19,16.500324799382877,98.90662088509339,RISK_ON,-0.5474608304831297,-0.34635938749653583
2023-09-20,34.37847974966701,104.6724482863324,NEUTRAL,0.5858045566592716,-0.6550963202470692
2023-09-21,15.521609252760564,100.83397694570594,NEUTRAL,0.6087928938304037,0.2026167276294082
2023-09-22,18.193219759019776,104.4009039658617,RISK_OFF,-0.5858303502245792,0.4243759639589846
2023-09-25,25.583562127987456,104.07623575883939,RISK_OFF,-0.32817230978662093,-0.3658524612738836
2023-09-26,26.034107253442762,99.53456832108162,RISK_ON,-0.7315231618125129,0.07901314796859094
2023-09-27,15.54140498410807,100.06746645740239,RISK_OFF,-0.8516547394301552,0.38184114014239
2023-09-28,30.255500793059884,104.21629578043213,NEUTRAL,0.9843434288968189,-0.1573203667779033
2023-09-29,30.059665961994977,99.28229947303774,RISK_ON,0.3111879024896784,0.7080310609109186
2023-10-02,17.458307196689496,100.65180875130324,RISK_ON,0.08419301839663751,0.5430998705756342
2023-10-03,18.63932496153559,106.35245547738002,RISK_OFF,0.5309970008105991,-0.8706689122988587
2023-10-04,33.57372090556843,101.27091506001639,RISK_OFF,0.6801543193754482,0.24225059818165806
2023-10-05,30.990443257527996,102.88060156269663,RISK_OFF,0.613429536089455,-0.5293488980805008
2023-10-06,28.049331760438047,107.4114033514584,RISK_ON,-0.9669211014202468,0.11503652933455055
2023-10-09,13.891364094743812,100.27149088836946,RISK_OFF,-0.626384203619003,0.9137768852659325
2023-10-10,21.62007386075924,101.8962601735801,NEUTRAL,0.3098106042356621,0.7581240091045003
2023-10-11,24.863943057767024,104.06457775543545,RISK_ON,-0.24848130439207416,-0.1909671937697366
2023-10-12,16.31045962362687,105.55338929503972,RISK_OFF,0.964965302122214,-0.4169722833112932
2023-10-13,22.309211388489164,107.01653386712705,NEUTRAL,0.33080958527650806,-0.531188511183482
2023-10-16,25.82359518223987,107.15472987573516,NEUTRAL,0.913097817458413,0.06502973951304014
2023-10-17,19.52966364265418,105.76640074372622,RISK_OFF,-0.5971070367084124,-0.7715030934838873
2023-10-18,29.961730835861204,100.28330836593311,NEUTRAL,0.7279140562300461,0.09855001625649717
2023-10-19,31.330340377692526,98.24809330042565,RISK_ON,-0.3572953883695493,-0.997332721018416
2023-10-20,19.44301779698363,101.83773930355623,RISK_ON,0.9791296164756136,-0.35230073850831034
2023-10-23,31.289114553326513,99.41548850987823,NEUTRAL,-0.6846226558537054,-0.5601313723388375
2023-10-24,14.382261020369345,105.10387647438299,RISK_ON,0.03267963767665316,0.9424375799215641
2023-10-25,31.267769268321096,104.61130586825716,RISK_OFF,0.5856890676742439,0.45448463913995796
2023-10-26,15.513259928355183,98.43971641621455,NEUTRAL,-0.13471503879192825,-0.3006932390755246
2023-10-27,13.907324507723699,106.3659377913095,RISK_ON,-0.0638318796247066,-0.814309826938759
2023-10-30,26.76083430214326,100.48743266291183,RISK_OFF,0.9727115910114821,0.03360118938124801
2023-10-31,22.85455941237177,102.32227075491042,RISK_OFF,-0.14938369939769336,-0.5731042373479154
2023-11-01,32.88148380949515,104.67933735455742,RISK_ON,0.20814420119812715,0.07285909179671557
2023-11-02,20.35335151008953,102.29418786852253,NEUTRAL,-0.8909206786496986,0.670724708357785
2023-11-03,18.60450205906546,102.41287802799944,RISK_OFF,0.68442016042052,0.2315851042027708
2023-11-06,23.51690284131656,98.6562799533574,RISK_OFF,0.296336097959087,0.2675768390900044
2023-11-07,22.486762272679208,102.01443549260004,RISK_OFF,-0.19195979427437293,0.08206057812562295
2023-11-08,19.92184506299533,105.64847893219984,RISK_OFF,-0.9676609200909605,0.8545312652628183
2023-11-09,27.956049870061555,107.15176337186598,NEUTRAL,0.1833376411870078,0.8638053688412066
2023-11-10,29.469922180019893,102.13497137063372,RISK_ON,-0.9746843430316756,0.025446402147104363
2023-11-13,31.61863128769314,102.23585826879079,RISK_ON,-0.9975927721819642,-0.38848102571299115
2023-11-14,34.37570190833789,105.02627106323652,RISK_ON,0.2321971242987093,-0.0808259882411122
2023-11-15,18.133092419047603,107.42772001105277,RISK_OFF,-0.6219658653308915,-0.6268841756087686
2023-11-16,28.470150097269116,100.67060940239361,NEUTRAL,-0.6162249005638094,0.27268863063617865
2023-11-17,21.06793941640214,102.40144206537937,RISK_ON,0.3065431316654874,0.00018467156446644317
2023-11-20,27.57288535487549,105.95973243552301,NEUTRAL,-0.8926056241212514,-0.7933990443734402
2023-11-21,22.94757887803207,104.09693569374039,RISK_ON,-0.3731888770508873,-0.6047044377607693
2023-11-22,34.85678136366243,99.10586343963955,RISK_OFF,-0.7011361957159619,-0.04073608760094638
2023-11-23,28.764749123187247,104.27732735562266,RISK_ON,0.16035273959306773,0.7751779814377167
2023-11-24,33.90729990998946,99.86746284597326,RISK_OFF,0.32353030945479166,0.13278144126219482
2023-11-27,31.204299638067273,103.10215934078404,RISK_OFF,0.44227170719808706,0.3630700004169416
2023-11-28,32.76672325675753,103.29103267660439,RISK_ON,-0.48953756616286914,-0.32194290051218055
2023-11-29,30.731641535937523,106.76203362224985,NEUTRAL,-0.821500496726832,0.14282278608846855
2023-11-30,22.56065999864596,102.62494274012438,RISK_OFF,-0.8426326861162043,-0.10524035472386517
2023-12-01,17.79113442697834,100.79442422235894,NEUTRAL,-0.14769690309855243,0.31825982524632135
2023-12-04,20.51736403536201,100.30966348216032,RISK_ON,0.8916888181254301,-0.8988488678419793
2023-12-05,12.465433350718861,106.74251876684336,RISK_OFF,-0.5645419315059508,-0.013399567522081712
2023-12-06,24.051842851687347,99.71010854418229,NEUTRAL,-0.48651679731690134,-0.4080147497120661
2023-12-07,23.6163294062194,102.25868560883144,RISK_OFF,-0.7982223957882821,-0.3476298774441815
2023-12-08,24.08076069110123,99.87173114926946,RISK_ON,0.2111405477878605,0.9218348631161228
2023-12-11,34.40271817435747,105.73304040114375,RISK_OFF,0.35974574789434977,-0.6346103745772345
2023-12-12,32.9634420794613,102.7437263997462,RISK_ON,0.28586241632152,-0.37750949484280616
2023-12-13,15.719393901592484,101.51143690556812,NEUTRAL,0.7222604860895625,0.019785151461743533
2023-12-14,20.484297995785454,101.61099640626466,RISK_OFF,-0.027148329947856542,0.7260538962992473
2023-12-15,21.750992127655024,106.5221420672298,NEUTRAL,-0.7310859184658711,-0.1666598335872591
2023-12-18,20.292257110587897,103.53773954294438,RISK_ON,-0.4211897385911747,0.4877305617763421
2023-12-19,30.36540716289,105.17867851131264,RISK_ON,0.3248599468427036,0.7127481964296047
2023-12-20,24.0528664069545,106.97038516250684,NEUTRAL,0.2262439474831197,-0.3799672883563021
2023-12-21,25.158295790347374,107.01741676040642,NEUTRAL,0.062006259485924975,-0.21449963292258012
2023-12-22,31.619311856722288,101.28509054337863,RISK_ON,0.36592883737737436,-0.28688755262328747
2023-12-25,30.536347528553247,107.52451263146385,NEUTRAL,0.2747817007465987,0.6657116172358422
2023-12-26,15.040865024866893,98.24875882014605,RISK_ON,0.7626497789299034,-0.9113062760927977
2023-12-27,28.420035433923587,101.76835561016166,NEUTRAL,0.1720327549565932,-0.38315782234263995
2023-12-28,22.015030964746817,106.95798857508842,RISK_ON,0.5572027174011129,0.3588171151902597
2023-12-29,18.77692477043751,100.74636879816983,RISK_ON,-0.5025856880670643,0.13088699913068536
2024-01-01,13.150432880750285,100.73081450321318,RISK_OFF,0.356365169178136,-0.12742128141261144
2024-01-02,23.206739887945375,101.02622285081888,RISK_ON,0.8043882367653514,0.07989645444276872
2024-01-03,20.175043656664222,104.12313384846922,RISK_ON,-0.2285353442003335,-0.6048308283433634
2024-01-04,17.78479991255722,102.38332775614354,RISK_OFF,0.5582083746772932,-0.13856675678397923
2024-01-05,27.977449780730023,105.26734836353343,RISK_OFF,0.4495786023908708,0.00340596835269813
2024-01-08,29.6981639082585,106.94910642564666,NEUTRAL,-0.880947606256355,0.8023782439092033
2024-01-09,17.63015893767677,104.7419937494286,NEUTRAL,0.1630166192481446,-0.4783296743920473
2024-01-10,13.137291043624987,100.04466720197576,RISK_ON,-0.7396213015983952,0.7356570043298651
2024-01-11,31.521312113000405,107.32681902360503,NEUTRAL,0.9346383444611823,0.2884828016519638
2024-01-12,12.229074047698976,100.64492873347479,NEUTRAL,0.6228150054013124,-0.959318337864798
2024-01-15,33.55358736019386,99.49894295328158,RISK_ON,-0.7805523975057598,0.44926267379878726
2024-01-16,26.435257101602236,98.8996727886096,RISK_OFF,-0.7564960047046432,-0.9288962449018898
2024-01-17,19.402472609630365,103.63383740666166,RISK_OFF,0.1889477098252379,0.9947622536276262
2024-01-18,17.668991920264933,99.13762462480652,RISK_ON,-0.31022165165363336,0.7452733753823957
2024-01-19,12.20713027808293,99.38775884112631,RISK_ON,-0.9301882818537814,-0.40531250491990867
2024-01-22,17.415842591250176,101.00030480595497,RISK_ON,0.08328301566610619,-0.48517753960658916
2024-01-23,15.167750934894245,100.81653009684464,RISK_ON,-0.2243098006283062,-0.2371178357887822
2024-01-24,26.07982307663235,104.04239510332143,RISK_ON,-0.7978470152565147,-0.28766606937111394
2024-01-25,15.83054853765743,106.16745279472681,RISK_ON,0.6038407845119653,-0.2553243632292379
2024-01-26,24.158486263342244,105.61349656202893,NEUTRAL,0.830153530557612,-0.36344690776103916
2024-01-29,25.57267771392283,100.62484454716477,NEUTRAL,0.51318786802826,0.2422668136966628
2024-01-30,18.854959061979034,100.4531049798598,NEUTRAL,0.6448446200325546,-0.6714726725587521
2024-01-31,12.80649382743053,107.65791530106968,RISK_OFF,-0.5670188654677653,0.6919625848920263
2024-02-01,12.85683925412651,98.0823624159196,RISK_ON,-0.472854098162798,0.6248049680626306
2024-02-02,12.605988640460104,106.79720533060215,RISK_ON,-0.5829449194016245,-0.04703358428945914
2024-02-05,28.999867344140565,99.99728519122405,NEUTRAL,0.530126862731128,0.7054599305570952
2024-02-06,19.314223210728855,107.47284323089768,RISK_OFF,0.8958341578689941,-0.5057098599394134
2024-02-07,30.314904277256264,101.4230728482752,NEUTRAL,0.4336744134678052,-0.9648690885920661
2024-02-08,21.929854948385533,102.40351773893252,RISK_ON,0.762933529759112,0.23841585005964605
2024-02-09,22.41895631908917,105.0712061394438,RISK_ON,0.2773981897663451,-0.08418118607056924
2024-02-12,23.796299857720197,103.8766905147326,NEUTRAL,-0.22468019888240187,0.1343290925917413
2024-02-13,28.399723496627388,101.17939329706823,NEUTRAL,-0.14847677013938965,0.7986788180368061
2024-02-14,18.290565914083263,103.53830915867823,RISK_ON,-0.8493571356651903,0.9398511471318869
2024-02-15,14.796509039271118,105.30706884362885,NEUTRAL,-0.9370856095079478,0.26890627951120605
2024-02-16,24.789318709403616,98.42334945902492,RISK_ON,0.3909512083781548,0.5281111797048768
2024-02-19,19.520485334583004,98.11199305255704,NEUTRAL,-0.12314221597763875,-0.8323831330256715
2024-02-20,22.177300214364863,102.58066939072891,RISK_OFF,0.104430136109259,-0.6785688302169888
2024-02-21,26.879774291758025,99.31836617803515,RISK_ON,0.11532249524483262,0.46640960990595315
2024-02-22,23.364892046249224,104.64344291464714,RISK_OFF,-0.4452483733333972,-0.1372690872239961
2024-02-23,26.266412793319386,100.14052456227434,NEUTRAL,-0.04821497834101862,-0.1080694591911886
2024-02-26,24.51660004861344,102.32851106795671,RISK_OFF,-0.05847955666459548,-0.38278463672912677
2024-02-27,29.01531655453028,99.97670936874269,NEUTRAL,-0.223145557544286,0.21471276695548758
2024-02-28,28.236542207367258,103.48483585749125,RISK_OFF,0.641350766802141,-0.6296699091675948
2024-02-29,24.286367511598243,99.16053459384568,RISK_OFF,-0.09767199262480819,0.2538325586277912
2024-03-01,27.61476947977326,98.2310685278748,RISK_OFF,0.20728904901197565,-0.6524022857295206
2024-03-04,32.09187085227009,98.51131638106698,RISK_ON,0.7910402407616521,-0.8723479305805728
2024-03-05,21.942239619127875,107.5425844151531,RISK_OFF,0.7324672457178449,-0.33928462260187797
2024-03-06,21.493550673222252,99.42286218610936,NEUTRAL,0.7808444075583303,-0.5377193159803046
2024-03-07,29.577649279604742,105.08478253136835,NEUTRAL,-0.45999000706997206,0.7779832771126647
2024-03-08,25.398738251965863,98.67926204222826,RISK_ON,-0.9300350233838743,-0.8900930922627468
2024-03-11,13.633155945119537,99.08160352235183,RISK_ON,-0.47786640020934157,-0.6467726148517543
2024-03-12,32.51857636089487,103.08876251409335,NEUTRAL,-0.4425853087585827,0.09743921116609888
2024-03-13,12.708011351465723,102.64870930154343,RISK_OFF,0.818720653449936,-0.03786561830505275
2024-03-14,29.213116192824092,107.51580309439869,NEUTRAL,0.29848546567594125,-0.9082959632505969
2024-03-15,29.452265282199196,107.44835453020737,RISK_ON,-0.8365920807955425,-0.985495143969711
2024-03-18,33.921554961484404,105.79608642542465,RISK_ON,-0.7292428079777977,0.9761358839222998
2024-03-19,13.245091393253377,104.0210183012735,NEUTRAL,-0.6886477489160492,0.31766940071767635
2024-03-20,25.72770779804329,102.54960317393011,RISK_OFF,0.2608434963378463,-0.26918773819688635
2024-03-21,21.840333124422216,101.56178534328421,RISK_OFF,0.47082805101400615,-0.05913550467351736
2024-03-22,19.604557961769466,107.47087546975555,RISK_ON,0.7192878211307923,-0.4668997590914261
2024-03-25,14.07732688687868,104.02908811424686,NEUTRAL,0.8812731016124862,-0.3102524326135805
2024-03-26,24.941044752440114,103.79072527685994,NEUTRAL,-0.5965908852271165,0.29808893453642793
2024-03-27,23.017936690516116,100.31901121768915,RISK_ON,-0.3804550305519019,0.7656235977347414
2024-03-28,14.40475253747356,98.46697817885114,NEUTRAL,-0.5193542385103387,-0.6317399538376303
2024-03-29,26.087258663232916,107.45188579759545,RISK_ON,-0.2824768650677245,0.6807230107706375
2024-04-01,28.972921765817585,101.13735258844653,RISK_OFF,0.8293302148474988,-0.7568867409634619
2024-04-02,29.64740092423391,102.42589023324459,RISK_OFF,0.15022513387872305,-0.5700155528232176
2024-04-03,32.82358333003583,99.14639943585706,NEUTRAL,0.47638379464899816,-0.925649423900708
2024-04-04,21.417827063441877,106.36924329909291,RISK_OFF,-0.019761527746436025,-0.7183762758140011
2024-04-05,33.92067367830915,98.27631832855931,RISK_OFF,-0.9422841733277509,0.8346062909281011
2024-04-08,31.90487631690178,106.33990762099097,RISK_ON,-0.8716090280043713,-0.08112250676324284
2024-04-09,18.8195361335506,99.40285012787967,RISK_ON,0.07584606253577153,-0.8446682764432929
2024-04-10,15.663509859037545,106.86564112631152,NEUTRAL,0.4375780696400513,0.9194536760779226
2024-04-11,22.013956110944306,105.29772637336157,RISK_ON,-0.569338944942537,0.7579846155173002
2024-04-12,21.24367028298723,99.64670262507305,NEUTRAL,0.4438191479846081,0.5093650417362825
2024-04-15,25.2415440226177,103.65817992859468,NEUTRAL,0.6213315469670249,0.8669455838951157
2024-04-16,25.417883343538204,101.12656314355219,RISK_ON,-0.17620504327577757,-0.5597411583284717
2024-04-17,29.24970064073943,99.78233098911583,RISK_OFF,0.4928384656882099,0.6727385860201727
2024-04-18,23.727468808729036,106.59182199411109,RISK_OFF,-0.1919400993430802,0.37998239270861234
2024-04-19,14.410920741637607,102.0352276650723,RISK_OFF,0.35670125891004,0.7395184991353767
2024-04-22,31.74070071772144,101.98543714365383,RISK_OFF,0.5279940986390861,0.5938231314852596
2024-04-23,19.124585413259304,99.6988667480662,NEUTRAL,0.9838532366162216,-0.30700987364635
2024-04-24,34.339841587051616,101.83065676085779,RISK_OFF,-0.3092066758728078,0.5487970740345112
2024-04-25,14.710782499634714,106.7161684632885,NEUTRAL,-0.17791843885077707,-0.4750873940302194
2024-04-26,34.03977696134757,101.63128710489636,RISK_ON,-0.6687598811796573,-0.34281567394389034
2024-04-29,14.09327155829789,107.51603562499788,RISK_ON,-0.5918538831963862,-0.7841885655540477
2024-04-30,17.31383117278237,107.46308899208387,NEUTRAL,0.38679000519675544,0.8701532319609375
2024-05-01,13.071338667990457,99.44898659307346,RISK_OFF,0.8340911803089521,-0.4179932731994369
2024-05-02,28.217602372696884,99.77311253522645,NEUTRAL,-0.2107900966775189,0.04124493034290366
2024-05-03,31.55687094115121,106.62674070331889,RISK_OFF,-0.6403111063289175,-0.21733432706761469
2024-05-06,21.98363488176755,101.92760918924719,RISK_OFF,-0.4298010012340119,0.919856241167003
2024-05-07,33.356007725975886,98.04373982283009,NEUTRAL,-0.08989659038372277,-0.3299016581230352
2024-05-08,25.57687865037879,100.73871819705371,NEUTRAL,-0.4186993412692632,0.557091642845378
2024-05-09,26.490164115270034,103.9762899319556,RISK_OFF,-0.5328418337562675,0.7108323092623601
2024-05-10,31.44464163911771,105.99265965959968,NEUTRAL,0.4719689775141591,-0.12878700503806817
2024-05-13,18.826404716192293,99.3338861709326,RISK_OFF,-0.9843101575187536,-0.2436563710941375
2024-05-14,20.148111590535393,99.10541364416736,NEUTRAL,0.07846105467296627,0.49549164186525596
2024-05-15,32.83689414147682,107.22092653572332,RISK_ON,0.5875336140595078,0.8257919606124682
2024-05-16,32.72216040889157,105.51148367822583,RISK_OFF,-0.4675434273650636,0.5098634661444765
2024-05-17,34.45910385262003,103.89779600778078,RISK_ON,0.2065830212240347,-0.5457472688162688
2024-05-20,32.74228127815844,105.69186789995928,NEUTRAL,0.3378002112372356,0.7766154948754107
2024-05-21,14.9295568287673,102.28854361306638,RISK_ON,0.31004939281017996,-0.22483666512633382
2024-05-22,30.94565858115071,105.58455747309127,NEUTRAL,-0.10830073160256459,0.1524588235558686
2024-05-23,21.426284996520664,101.71802991274535,RISK_OFF,-0.3068440242484416,0.6628712385854221
2024-05-24,34.78843118675657,100.44094572492602,NEUTRAL,0.6718481460556269,-0.6232104651990156
2024-05-27,22.862462179562424,105.29013421292969,NEUTRAL,0.5168919139997286,0.5690202713551062
2024-05-28,24.738229897551072,102.19672292157269,RISK_OFF,-0.35748965317217496,0.192325595821355
2024-05-29,24.184823050906367,107.81377104326195,NEUTRAL,-0.7939616111155878,0.7866832836552164
2024-05-30,19.399951686740387,101.494851823081,RISK_OFF,-0.8563849091090616,-0.6560591963129141
2024-05-31,13.725508044537118,107.21727420531066,NEUTRAL,-0.8114480442021279,-0.15863552591814312
2024-06-03,32.59997829924413,107.32962548567079,RISK_OFF,0.1657387223840856,0.6656861857336749
2024-06-04,30.461543688104598,100.41852947064746,RISK_ON,-0.8966756483420206,-0.9615365930864797
2024-06-05,15.209115952872393,105.98221181588013,NEUTRAL,-0.3261462500719232,-0.7755972664687143
2024-06-06,29.865670241051674,102.33074505144565,NEUTRAL,0.5063994038284587,0.9811304255134694
2024-06-07,26.394473319164028,107.17524727230348,NEUTRAL,-0.4113036669692438,-0.4392116428192989
2024-06-10,21.410307122105312,102.50124272635239,RISK_OFF,0.5266161543602597,0.9510863874479067
2024-06-11,17.842486429197944,105.44303717337365,NEUTRAL,0.4909340764141106,-0.6349368979826522
2024-06-12,31.773762020551345,102.66967409163797,RISK_OFF,-0.5083457347335674,-0.27781111398532876
2024-06-13,28.10432996376322,100.27800755712856,NEUTRAL,0.45764436018549093,0.5057388890071413
2024-06-14,24.59801791779015,99.99350128944687,RISK_ON,0.49555327654420145,0.315556814476357
2024-06-17,26.020076279664675,102.25431194256346,NEUTRAL,-0.20509214866594627,0.16224479985811113
2024-06-18,14.094522187890163,105.55494657014215,RISK_ON,-0.5791590325169635,0.05979835161001512
2024-06-19,22.900154500957413,104.05071485180767,RISK_OFF,0.04254161378373822,0.6868808873294805
2024-06-20,16.455106734071144,104.88629289900544,RISK_ON,0.8427951760003927,-0.5301028743332146
2024-06-21,16.79282461720298,100.82326350731942,NEUTRAL,0.2792334648641239,-0.11505814601296316
2024-06-24,27.209991132597935,102.81435345957605,NEUTRAL,-0.6541550047454776,-0.6890954156870854
2024-06-25,32.95889149218863,98.44395264969327,RISK_OFF,0.3655138494670398,0.19188319146140875
2024-06-26,21.28640204100197,106.17532415958121,NEUTRAL,-0.14559394543633086,-0.49891115145735965
2024-06-27,16.77823327928038,107.89892162239875,NEUTRAL,0.183057594710746,-0.3323158713132284
2024-06-28,26.921179556443047,102.06879062624671,RISK_OFF,0.4681280700462158,-0.057498566752943736
2024-07-01,32.03730206605731,98.10963653131543,RISK_OFF,0.029894703028889635,-0.9464588285937443
2024-07-02,29.21133242581729,99.69792639550947,RISK_ON,0.6279679491466172,-0.8161241281583247
2024-07-03,31.981416302341504,104.5252687775042,RISK_OFF,0.44431115863325554,0.3718584414164392
2024-07-04,24.340757433248385,104.1207931820386,NEUTRAL,0.23014668003702132,-0.1420600385649855
2024-07-05,29.29315362049139,105.87864719585544,RISK_OFF,-0.698414368335297,0.7295804439997908
2024-07-08,15.221484865255539,100.53884010961067,NEUTRAL,0.6718982218231366,0.3893440072883989
2024-07-09,20.010316153353404,105.63631915547134,RISK_ON,0.8718111706396321,-0.9837981167053551
2024-07-10,20.959630783075013,104.8798402152367,RISK_OFF,-0.7260697523814104,0.23342466153426966
2024-07-11,23.759802163658797,101.22814497713843,NEUTRAL,-0.02351774113313887,-0.8125502678805672
2024-07-12,33.36875628590695,103.45488148056963,RISK_OFF,-0.482222516058991,0.5618663595809885
2024-07-15,32.108820885110006,99.47273808498326,RISK_OFF,0.5090466148511292,0.983015376557004
2024-07-16,15.094086322651243,102.52564503435583,RISK_OFF,0.44325927200939996,0.062397588483023014
2024-07-17,15.974161993296654,106.81197339555641,RISK_OFF,-0.7182297588592026,0.3655590003882607
2024-07-18,20.225732640544962,102.2119137982539,RISK_ON,0.7540545425232743,-0.5253716782104969
2024-07-19,18.6871089154855,106.39566706475422,NEUTRAL,-0.6380538720439954,-0.12480451249241287
2024-07-22,26.13973192259403,103.90253365259694,RISK_OFF,0.5945180512962149,0.7121906644727674
2024-07-23,32.76384909858453,99.91876713102357,NEUTRAL,-0.08603928074399025,-0.6651541045074976
2024-07-24,34.132705458469495,103.81106244697897,RISK_ON,-0.3434554128836975,-0.4689287887724758
2024-07-25,27.03286790831021,103.05983329157064,NEUTRAL,-0.683521474651573,-0.10913264942793965
2024-07-26,31.277661632224994,101.98641335196385,NEUTRAL,-0.6647714877067412,0.42449778368802793
2024-07-29,24.079650605308334,99.19630439516071,RISK_ON,0.3237811094018006,-0.24823209040865235
2024-07-30,16.791519777780913,102.1670866384723,RISK_OFF,0.10086077589424103,0.8554645595660078
2024-07-31,24.06783347814998,98.72762376239628,NEUTRAL,-0.7558291566975346,-0.8110858974625617
2024-08-01,24.766899833065978,98.98769051398752,NEUTRAL,-0.7746042791233496,-0.258391604910305
2024-08-02,29.0765239769118,102.15916532932717,RISK_OFF,-0.8553788504544171,0.4179082468568438
2024-08-05,17.057308763269027,101.05381481968463,RISK_OFF,0.4875346947470882,-0.5480264686770151
2024-08-06,20.471138787994832,107.25544325862224,NEUTRAL,0.4237641704585784,0.3128262684593459
2024-08-07,20.372631791935024,101.75705805380271,RISK_ON,-0.8831380182908497,-0.6715660835453081
2024-08-08,34.06711070204679,105.578581220721,RISK_OFF,0.1205401511939459,-0.8880394302766272
2024-08-09,22.210734087514535,103.30247526366243,RISK_OFF,-0.8306476895146202,-0.7579685665027023
2024-08-12,29.367161247857368,105.04085668642335,RISK_ON,0.8074915412178834,0.8599695662682694
2024-08-13,29.2686617716121,100.60115983015399,NEUTRAL,0.8142348383602649,0.10350176587910265
2024-08-14,18.107516250474553,107.41904972838329,RISK_OFF,0.3964659796262602,0.592691550959298
2024-08-15,25.153002855549836,103.30088496914424,NEUTRAL,0.8523778428789,-0.33469099818989756
2024-08-16,32.56896654632891,106.31324071285249,NEUTRAL,0.6229060608273811,0.1853172957708933
2024-08-19,22.929547547509838,101.65045693476114,NEUTRAL,0.6570771518540988,-0.010095732590016837
2024-08-20,33.737702668878555,99.00211349050525,RISK_ON,0.13941570113986645,0.891475918804588
2024-08-21,16.932539274455717,104.73711647720849,NEUTRAL,-0.3878816035676482,0.4951492721082207
2024-08-22,13.705659432802706,98.07759648337425,NEUTRAL,-0.5644017697671568,0.4610852629931581
2024-08-23,32.50343908232924,102.75292976565508,RISK_OFF,-0.34559995592214166,-0.9072934611314409
2024-08-26,31.496667553130983,99.92801902666459,RISK_OFF,0.2569908601781241,0.09933933800738215
2024-08-27,34.829567146478425,104.27375504435362,RISK_ON,-0.6546869283352021,-0.06601709219637031
2024-08-28,27.6260502265858,107.79419873137851,RISK_ON,-0.4827195267253568,0.855684533212389
2024-08-29,33.543822313344435,102.64402906320646,RISK_OFF,-0.06387827440907112,-0.4853160236209355
2024-08-30,31.01982757693455,106.17498256525667,RISK_OFF,-0.5338998029507689,-0.46033309341781137
2024-09-02,31.421805661761997,103.07784186951122,RISK_ON,0.17728733943212327,-0.1773075022369992
2024-09-03,25.09025612044817,102.95840031104024,NEUTRAL,0.8463520569126597,-0.5132605731872479
2024-09-04,20.79438575208435,107.30423493178778,RISK_ON,0.4961787314062529,-0.741632164382501
2024-09-05,33.49483566849548,106.89965868746681,NEUTRAL,0.33285322829782604,0.7148296933016016
2024-09-06,21.938695039165573,105.85800465187974,RISK_OFF,0.16544295196755754,0.11655304880783168
2024-09-09,24.39284544674239,100.96255753316784,RISK_OFF,-0.024104181485870235,0.7227254379131336
2024-09-10,22.260629063879318,103.4500841572394,RISK_OFF,-0.6268722807306806,0.6622695308073918
2024-09-11,24.990821221084534,100.23897233305685,NEUTRAL,0.7894209108537311,-0.4359152904206578
2024-09-12,22.821616816823525,102.4391669804654,RISK_ON,-0.5029279959743274,0.09547488864854792
2024-09-13,13.103253847327945,102.8421306575979,NEUTRAL,-0.8173822448436785,-0.8335645945198591
2024-09-16,32.28710827817707,106.31640040169331,RISK_ON,0.5000303584573904,0.8305037680615168
2024-09-17,22.221057835062705,106.96028365324993,RISK_ON,-0.6487689313376672,-0.1914745698696938
2024-09-18,25.54570391566902,102.14620062396477,RISK_ON,-0.25620800091764795,-0.21264763222195726
2024-09-19,15.201319463433702,98.17704445073237,RISK_OFF,-0.9434301434180405,-0.3944892587640936
2024-09-20,12.0779205036007,106.61773839789355,RISK_ON,-0.7258641149191039,-0.07867251057859237
2024-09-23,17.64167215380379,99.7427867850136,RISK_OFF,-0.6535927384801758,-0.4964812269091039
2024-09-24,28.205478739067054,104.21881963890394,RISK_ON,-0.8911797444996441,-0.2502954544063909
2024-09-25,14.281474192596207,98.24970900434131,RISK_ON,0.31331391324569036,0.5998940971697637
2024-09-26,32.90441112888876,101.99506475260564,RISK_OFF,0.6740155916062345,0.6685110071703437
2024-09-27,16.945519095192246,107.8596030211535,RISK_OFF,-0.2533691872681181,-0.39163504474296773
2024-09-30,16.705653128710843,99.00693601103804,NEUTRAL,0.7491529534364014,-0.06197113889442418
2024-10-01,16.174683117294396,102.23693151999642,RISK_ON,-0.573306850879747,0.7476395525601045
2024-10-02,12.32157939834139,101.07149950189952,RISK_OFF,-0.34921915287752103,-0.8946533363406057
2024-10-03,29.751525774999397,107.05088123388265,NEUTRAL,-0.6985260139376632,0.7782899239915708
2024-10-04,32.12579421864095,106.69340107907355,NEUTRAL,0.24111839083799724,-0.5616313086953366
2024-10-07,26.125742160172575,100.37698760306229,RISK_OFF,-0.16026081825938632,0.3570784884287517
2024-10-08,16.328599578636833,98.81187787050432,RISK_ON,0.22656669368379734,0.1651033927692005
2024-10-09,18.561393929640232,104.27138394061117,NEUTRAL,0.5233498107883672,0.10588149637850419
2024-10-10,22.946314039394156,101.36368711883709,RISK_ON,0.09140603206589692,0.7187204495056427
2024-10-11,33.949956887335915,104.72084390606064,RISK_ON,0.25526070980357574,-0.7968557127106775
2024-10-14,17.689081551808084,98.32119756067814,NEUTRAL,0.8705006287886659,-0.30594394934872793
2024-10-15,28.827855790157425,99.3339923517749,RISK_OFF,-0.40187138078231377,0.07650549268953122
2024-10-16,22.107309135737168,104.86372232772644,RISK_ON,-0.28167212273209374,0.6225777078920796
2024-10-17,18.8504890122805,100.12370655302497,RISK_OFF,0.4354067234186738,-0.567113833176657
2024-10-18,22.486066551508614,106.57587675762402,NEUTRAL,0.22261103411077343,0.6058596827485525
2024-10-21,13.637754503448349,98.58590887710136,RISK_ON,-0.6429341909205704,-0.20072303501212851
2024-10-22,30.369809531398335,100.15481982785575,RISK_OFF,-0.24770537997901965,-0.6221722871326092
2024-10-23,17.595944343608245,107.98560248485069,RISK_OFF,-0.06432397375057008,0.5179728808869652
2024-10-24,28.68447883343832,102.33076102586793,RISK_ON,-0.1612203240632213,-0.8182021970509044
2024-10-25,13.572012543308478,105.02965663544643,RISK_OFF,-0.6434503833559184,0.02953474815088586
2024-10-28,33.96726679181078,99.82663048857013,RISK_OFF,0.8488601835685246,-0.8722484322762232
2024-10-29,16.439344664331067,104.09868734985538,NEUTRAL,0.5246375233879517,-0.28716428968442487
2024-10-30,32.30306775276285,105.26106068369418,NEUTRAL,-0.03728833578429547,0.20215359801278532
2024-10-31,30.617883821154994,101.14476635866511,RISK_OFF,0.36012205661367314,0.11223108297442619
2024-11-01,34.260778253872566,106.28897111975877,RISK_OFF,0.7945653442710436,-0.19068916419066695
2024-11-04,22.99148520175224,104.03417578472283,RISK_ON,-0.7276517152768576,-0.14190401205576864
2024-11-05,28.730137758456884,101.89123009615031,NEUTRAL,-0.49925389858604463,-0.5464608932984669
2024-11-06,20.526345111869034,103.57642393343158,RISK_ON,0.08540249451329007,-0.0882348231517942
2024-11-07,16.240469474452958,103.76760847435924,RISK_OFF,0.5980207427047173,0.9065097114416685
2024-11-08,22.190746457469324,99.65535292693866,RISK_ON,-0.9274902091169452,0.7009058355675808
2024-11-11,15.812227353934462,102.02732369866966,RISK_OFF,0.968036300392721,-0.7095342618473124
2024-11-12,34.587026324086835,101.43430588019493,NEUTRAL,-0.0901867942352057,-0.9404384253581581
2024-11-13,14.213669296236477,102.00902722579126,NEUTRAL,-0.281537718756554,0.8670486254332612
2024-11-14,25.55186963941027,105.61110588485258,RISK_OFF,-0.41455112432045627,0.05349949976149526
2024-11-15,26.408668670843284,102.82538407466673,NEUTRAL,-0.6512865846982567,0.07567564629861545
2024-11-18,24.37582948610325,107.40316153239264,RISK_OFF,0.5831478178600558,0.5614359914130447
2024-11-19,27.230275371372173,100.93676413358436,RISK_ON,0.9108283294921931,-0.3706220522573469
2024-11-20,14.67215782527349,102.15703578284929,RISK_OFF,-0.1727104903092036,-0.03618486232799567
2024-11-21,24.765426056721694,105.86956810479042,RISK_ON,0.9048413895069125,0.9373258262934752
2024-11-22,18.605889135929317,103.4602459332075,RISK_OFF,0.6475952308700683,0.3442973738648143
2024-11-25,33.62404945592431,103.47028146424448,NEUTRAL,-0.03789774504736343,-0.6925099360084281
2024-11-26,29.527648029113692,98.53340163005184,RISK_OFF,0.34805235825226544,-0.7335465040312934
2024-11-27,34.36783308967408,101.98599662718456,RISK_OFF,-0.1300316416590741,-0.5914704833339892
2024-11-28,12.86378960402436,100.70733732421732,RISK_OFF,0.1174468164251048,0.533423348841435
2024-11-29,18.5580630291563,107.99335122831116,NEUTRAL,-0.8839073259629924,-0.4092459923187679
2024-12-02,16.494719492682027,101.08355070632311,RISK_OFF,0.39252695060106624,-0.9572223066498404
2024-12-03,12.256555508172102,106.84496534793864,NEUTRAL,-0.8943507110317266,0.8883487270113237
2024-12-04,17.573491795665394,104.76233735040478,RISK_OFF,0.634169893839299,-0.6605731672101787
2024-12-05,27.611847620969865,101.4091640919209,RISK_ON,0.649893858921115,-0.9808836277038628
2024-12-06,17.315045209095075,103.43534378374123,RISK_OFF,-0.5258454248875708,-0.525736795233354
2024-12-09,23.70707924610022,106.40535879949194,RISK_ON,-0.3526744379283995,-0.5299424257637326
2024-12-10,32.41981664419497,106.83368298030912,NEUTRAL,-0.03737924288341343,-0.1559894983085539
2024-12-11,27.95643216802873,99.60393875006145,NEUTRAL,0.19332581386496295,0.8407796630000737
2024-12-12,21.076468607838734,101.3957314120817,RISK_OFF,-0.42529267651600655,0.7583698355581958
2024-12-13,20.56678559497849,101.35223180213572,NEUTRAL,0.18497280926385007,-0.08621089003514415
2024-12-16,22.48192372219515,98.42044796075945,RISK_OFF,-0.40442585354140226,-0.17820019001638698
2024-12-17,16.071953144377847,103.98237759851897,NEUTRAL,-0.8890185578578786,0.11001817294970251
2024-12-18,26.582017650567728,106.54820052992189,RISK_ON,-0.9949449003361821,-0.5130919760564685
2024-12-19,20.375514839405927,101.81574387825518,NEUTRAL,-0.7976978841631428,-0.8956300160672743
2024-12-20,31.604403033027005,105.40035944984177,RISK_ON,0.5845014003280364,0.8784482723424134
2024-12-23,29.400711181329775,104.2770041360074,RISK_OFF,0.9228626247666742,-0.6266020302456545
2024-12-24,26.04180277411968,101.75648735493,RISK_OFF,-0.14606760143756148,-0.6031985415085672
2024-12-25,20.37665112093887,99.41059799492297,RISK_OFF,0.02536790689988555,-0.05507934229210476
2024-12-26,16.828432128490142,105.09323852775967,RISK_ON,-0.7063036618531477,-0.016773310319338597
2024-12-27,29.851492874429326,106.54565168941241,RISK_OFF,0.10206270536031403,-0.9631315805985161
2024-12-30,23.18740927679499,104.85854492401492,RISK_OFF,-0.7106901959860463,-0.7040905224520586
2024-12-31,17.16925087807922,98.17878484034819,RISK_ON,0.22242866239766013,-0.24369036287851653
2025-01-01,16.489016145920143,100.16232894390991,NEUTRAL,0.8665173351617077,0.3674613870210781
2025-01-02,15.804220803531258,98.69479984883532,RISK_OFF,-0.6086029213939208,-0.5431630863361283
2025-01-03,29.874707512728683,103.70386099576227,NEUTRAL,0.529127436114204,-0.1539711075164747
2025-01-06,17.26670526190717,105.56477678840412,NEUTRAL,-0.9529951543633519,0.11469012943293366
2025-01-07,24.112772061079543,99.10579187068659,RISK_OFF,-0.24900551735675802,0.7771849892465841
2025-01-08,22.385566302380298,106.38337820593385,RISK_OFF,-0.7785029843389819,-0.3478589953457534
2025-01-09,25.331050682250527,103.55508978395483,RISK_ON,-0.29504911680860113,-0.732883468273033
2025-01-10,32.174562708537465,104.89969012141725,RISK_ON,-0.652926160722233,-0.02145554820478357
2025-01-13,31.958189971879804,107.71401848608646,RISK_OFF,-0.25339001975422515,0.4934432033681242
2025-01-14,22.374749651971772,98.83680988247697,NEUTRAL,-0.16495438778493932,-0.7802804858945331
2025-01-15,12.353423766898636,107.01224022977789,RISK_ON,-0.39881775443816325,-0.1506330166060792
2025-01-16,21.808207531428973,99.26102695987409,RISK_ON,0.31324389894625826,-0.9644297174750331
2025-01-17,25.94245136075523,101.92958806636682,RISK_OFF,0.8377041025178193,-0.9328816367054977
2025-01-20,24.82858945925542,106.51438696331114,RISK_OFF,-0.1988092517894553,-0.0340932735666688
2025-01-21,26.980730433404727,107.06254236737868,RISK_OFF,-0.6153136870499571,-0.40360540369814113
2025-01-22,15.54374184688092,103.06371673545145,RISK_OFF,-0.4585544836080333,0.6902145980108243
2025-01-23,26.870307271956847,103.94104638275425,RISK_ON,0.7080016469927379,0.20430861225290853
2025-01-24,16.20098723110676,105.08147334598557,RISK_ON,0.14327944654029579,-0.09213407651401928
2025-01-27,29.262051556025227,106.32758668452715,RISK_ON,-0.08997793538608545,-0.18412925789140733
2025-01-28,19.79901510504164,99.21511169537666,NEUTRAL,-0.7007265569821466,-0.005509039620873457
2025-01-29,28.327594967773432,106.10069308229228,RISK_ON,-0.10054538335243612,-0.9191223375746773
2025-01-30,13.100908774840462,102.81276150511617,RISK_ON,-0.4430159932852267,0.7855867128413199
2025-01-31,21.38078058859101,102.5062342510817,RISK_OFF,0.8863262557066984,0.9966063114679167
2025-02-03,28.21579401205665,102.23899751996998,RISK_ON,0.7681402188314626,-0.6370257502826027
2025-02-04,17.218021875624366,103.09211585246042,RISK_ON,-0.832194916343604,-0.7592340704507605
2025-02-05,30.29160203033612,107.45050553394603,RISK_ON,0.033306978522485764,-0.7128450731028095
2025-02-06,26.507933861413434,103.48203772792152,RISK_OFF,-0.5498833089706558,0.3220541164687343
2025-02-07,25.513920759445362,107.5317753826314,RISK_ON,-0.1784458209514188,0.32288167690154945
2025-02-10,20.131623646699754,99.8029013061564,RISK_ON,0.7536959965029129,0.6958483245568219
2025-02-11,23.096383818765702,105.24135978832633,NEUTRAL,0.05502903977708962,0.5036527768525065
2025-02-12,25.73903392249062,106.12239538608748,NEUTRAL,-0.3315694132584803,-0.10062065326132053
2025-02-13,22.86662862004248,104.79128831334862,NEUTRAL,-0.5842232917900059,0.22571072313063767
2025-02-14,28.061206450632884,104.0692228022654,NEUTRAL,0.6006497188129785,0.3765693407360158
2025-02-17,21.975029461460068,103.64812781086182,RISK_OFF,0.2490360307286943,0.025472940570450353
2025-02-18,16.652283180066696,106.60930482578696,NEUTRAL,-0.06386907914753759,-0.04869803109672666
2025-02-19,16.920477004424086,106.216465971645,RISK_ON,-0.5650312922740439,0.2901948912853065
2025-02-20,12.133486683387645,99.222887211806,NEUTRAL,-0.33150725168573736,0.11494909795130748
2025-02-21,18.922027457849467,106.48587657030878,RISK_OFF,0.919686853477037,0.2878846106718207
2025-02-24,29.22510573100595,102.14068619440442,NEUTRAL,0.04017987521166866,0.2257095479267277
2025-02-25,30.265742303265018,100.5369682999581,NEUTRAL,-0.19860143751349413,0.4383931210273093
2025-02-26,16.65675346820225,106.69768568013926,RISK_OFF,0.0428440846966478,0.28560701756575213
2025-02-27,34.058011928042376,102.32024799633741,RISK_OFF,0.5579770117992173,0.03948497287453456
2025-02-28,23.555264250042917,106.08364690176816,RISK_OFF,-0.31978212699426245,0.36359362256877303
2025-03-03,33.09051122742556,100.63403611955844,RISK_OFF,-0.6425877581347823,-0.10103606962914391
2025-03-04,28.255601482817514,98.03929321422218,RISK_OFF,0.1698722366780956,-0.5166575480547979
2025-03-05,28.6159687295155,102.95459192902945,RISK_OFF,0.33040820696213435,-0.9971635597321691
2025-03-06,13.956003290039636,99.00228256642885,RISK_ON,0.4254360059170992,0.11992829429168639
2025-03-07,17.059795918629405,105.5437595552491,NEUTRAL,0.7639751815322593,0.181310453217282
2025-03-10,12.20274116577287,100.7607513606941,NEUTRAL,-0.2576517586217739,0.9440979295514287
2025-03-11,28.470935730964964,102.43645646603478,RISK_OFF,-0.8492902075422164,-0.2770433318114489
2025-03-12,19.922080633855728,98.87033565091554,RISK_OFF,0.9166971672618844,-0.2117335143433765
2025-03-13,30.093007869755976,100.86659248447253,RISK_ON,-0.12997614512504962,-0.5964008373156195
2025-03-14,19.795533058551605,105.81490243258573,RISK_ON,0.24651501934626263,-0.8589314095253562
2025-03-17,30.844676302873804,99.5158791190232,RISK_OFF,0.33261064625658454,0.5456089857234812
2025-03-18,15.0060598362112,104.47159561126958,RISK_ON,0.09302741740240705,-0.50063787132135
2025-03-19,15.987582605422688,107.17425852804502,RISK_ON,-0.5894849405274598,0.21780972206007587
2025-03-20,19.84016041043054,104.7983675975772,RISK_OFF,0.5102861002322829,0.37554607109096305
2025-03-21,21.395209944292287,106.11021689292227,RISK_OFF,0.6075039486081633,-0.05752662541670461
2025-03-24,20.020164649388505,99.08971629303916,RISK_OFF,0.10595117203487958,0.7527042260543833
2025-03-25,29.563881748034056,100.50731826002054,RISK_OFF,-0.022877678830316883,-0.11241031804054247
2025-03-26,14.229882030414437,106.9453885224059,NEUTRAL,-0.7721236337440294,-0.43018275391646976
2025-03-27,20.077991451685225,105.1510561361809,NEUTRAL,-0.8320966770004323,0.7920310459232447
2025-03-28,31.256519988855565,104.39553826377312,RISK_OFF,-0.32087030887294254,0.7231285684999129
2025-03-31,13.536332777029955,104.637667361217,RISK_ON,-0.3783076889652135,-0.671920105847174
2025-04-01,33.67390067644122,102.14200554304644,RISK_OFF,0.9073129019265425,-0.9480779632921581
2025-04-02,34.6852873722563,98.44556631617654,NEUTRAL,0.5672454848868596,-0.8200288873007586
2025-04-03,14.037067997976841,105.84441542070729,RISK_ON,0.31984859051811987,-0.4269052028923659
2025-04-04,18.69926801188195,104.78713236215354,NEUTRAL,0.035296178035210124,0.9445196034834213
2025-04-07,20.56521531881319,102.72804464112724,RISK_OFF,-0.6652649385466973,0.11703230632165007
2025-04-08,29.8570014790127,106.99759615368258,NEUTRAL,0.9569133443685678,-0.25347653594146236
2025-04-09,25.70631667868488,101.361596649851,NEUTRAL,-0.24991860351957995,0.7774321892254927
2025-04-10,26.82041111132905,100.94321744231236,NEUTRAL,-0.7861487951055104,-0.09372733704300074
2025-04-11,29.422725924825638,106.72796325079443,RISK_ON,-0.012402208568507822,-0.36952274319795775
2025-04-14,14.713516987051591,105.96987654758985,NEUTRAL,0.7479960232261664,0.8824390574913148
2025-04-15,31.163817508936035,103.14979810648344,RISK_ON,0.7745820035546589,0.699035332385356
2025-04-16,28.229255496143313,99.3073473945785,RISK_OFF,-0.9780681678871055,0.6873367508388819
2025-04-17,25.278859679516515,100.15071471465052,RISK_OFF,0.7725914895027994,0.024569486100426197
2025-04-18,32.463912700010304,104.56227990408807,NEUTRAL,-0.45703156500028297,0.5788767976309099
2025-04-21,28.107046139327565,101.85041237840412,RISK_ON,-0.9220552720631539,-0.6412932814708963
2025-04-22,16.639099140513586,106.36473191665971,RISK_OFF,0.6955805407257487,0.14644591511248728
2025-04-23,21.884143764740337,107.49955009332204,RISK_ON,0.7277335119764166,0.9676918456950914
2025-04-24,23.362985939521867,106.05636925274918,RISK_ON,0.19246215968470004,-0.4180831389640767
2025-04-25,13.27000541525933,101.77545422995557,NEUTRAL,0.14886751459271674,0.5887046584953504
2025-04-28,33.95666280728128,105.88686429231424,NEUTRAL,0.6262405452428388,-0.01904318558386553
2025-04-29,14.957276998328204,101.51441673470683,RISK_ON,0.5726191054205596,-0.9203886335558253
2025-04-30,28.041609146214718,99.67100087765634,RISK_ON,0.7802109468854082,0.5260387956313348
2025-05-01,23.643313830090243,98.33393204865857,NEUTRAL,0.10549489519340693,-0.6628617112157744
2025-05-02,12.58954174734172,101.8571671276102,RISK_ON,0.9352941854656174,0.2629471342655003
2025-05-05,33.26919194488032,107.03559303697281,NEUTRAL,0.9922936618666769,-0.8286716119060542
2025-05-06,31.592246602835463,100.38986587755676,RISK_ON,-0.7669107800027348,0.8937347949919296
2025-05-07,24.057932341788216,100.06513164929784,NEUTRAL,0.6990875191082442,-0.4165522256392782
2025-05-08,17.26567373120724,107.6982078524104,RISK_ON,-0.00035548450282196775,-0.5470706166452102
2025-05-09,14.797326485642166,98.25004112850593,NEUTRAL,-0.22486732340033577,-0.7417271918673314
2025-05-12,20.358027026938913,105.85782150393754,RISK_ON,0.22614461976543,0.8920043866780956
2025-05-13,17.87485046406008,101.2136995574087,RISK_OFF,-0.888068885475986,0.42380748488261033
2025-05-14,23.65389762314487,98.3748795686966,RISK_OFF,0.012922237534159775,0.4833217774361773
2025-05-15,34.22741381083887,107.17802540209584,RISK_ON,0.7417811400533334,-0.0011908772395108347
2025-05-16,25.223930344281754,99.39642330209584,RISK_OFF,-0.5730769677220624,-0.05054442945903315
2025-05-19,32.46841428547225,103.51779283725695,RISK_ON,-0.14722021046114975,-0.7799575140170467
2025-05-20,26.970213262402876,100.74054207429548,RISK_ON,0.878961775429751,0.11968219116798351
2025-05-21,22.930670111505613,98.65192802184691,RISK_OFF,-0.14287232438860542,-0.5061670097824191
2025-05-22,31.65597394286754,98.49922485663379,RISK_ON,-0.28326473533520335,0.9542906656008117
2025-05-23,22.841466533978945,99.15556698836339,NEUTRAL,-0.11892670375324355,0.5931618800302947
2025-05-26,31.978447921738304,98.7136701388938,RISK_ON,0.03890553303511268,-0.17401587961422482
2025-05-27,18.706265700242604,105.60558115519923,RISK_ON,0.2639826882629377,-0.6973174826169339
2025-05-28,14.962700696548726,102.8556620228343,RISK_OFF,0.6013856018334622,0.570663382277568
2025-05-29,31.67223268034758,101.42892091348979,NEUTRAL,-0.09579558847137148,-0.755892465837368
2025-05-30,25.510548767231334,102.18368910132007,RISK_ON,0.6349618701802806,-0.621332493005859
2025-06-02,32.44912515972608,107.28946735572623,RISK_ON,0.06744132270416126,-0.5769589645115452
2025-06-03,33.57002576082481,107.10751812738147,RISK_ON,-0.3230389792640447,0.11378127654618875
2025-06-04,13.233452978543331,105.15676480122576,RISK_ON,0.3159016562388284,0.5741133079807326
2025-06-05,23.522293942753972,106.84682377421687,RISK_ON,0.43544450948698277,-0.37137024255061557
2025-06-06,20.624184628714172,101.19648027587625,RISK_ON,0.11609795125897504,-0.8306603714494212
2025-06-09,26.394743132612696,101.81109326008283,NEUTRAL,-0.8867700537305532,-0.07092307295116163
2025-06-10,30.25259753565344,104.13712181854228,NEUTRAL,-0.6602342496783502,0.49622048231987104
2025-06-11,18.453574967410486,104.23625947297265,RISK_ON,-0.4294045582195436,-0.5566723138252234
2025-06-12,24.80636284058295,102.81699838012341,RISK_ON,-0.4347487880970138,-0.5601509039212516
2025-06-13,28.30075733781269,102.00657848437953,RISK_OFF,0.34684160049374113,0.8944540546934217
2025-06-16,15.091914905221882,107.86180311608695,NEUTRAL,-0.9633026766527348,0.9083074542383558
2025-06-17,30.723538836879136,106.21123626117725,NEUTRAL,0.5113635540990398,0.9809314641231528
2025-06-18,25.94052079661838,102.34980197888045,RISK_ON,-0.46931505038613364,0.6153192031495602
2025-06-19,33.83936105361399,105.27292477239568,NEUTRAL,-0.3799563075677952,-0.6236316616641089
2025-06-20,19.809165140005945,100.6956169325246,NEUTRAL,0.05581965588784854,-0.5760369584014773
2025-06-23,14.487356673755569,99.0016932623733,RISK_OFF,-0.568148798122085,-0.31954951695521605
2025-06-24,23.64952762384928,101.52431025552741,RISK_OFF,0.7689426271510551,-0.3637349373330183
2025-06-25,13.973647749317093,102.02972800123395,NEUTRAL,-0.8292624413468694,0.9130554981560182
2025-06-26,34.299110036452156,98.1653712456067,NEUTRAL,-0.11123527539787026,0.5781479657633872
2025-06-27,12.889754039915406,106.14792001635897,NEUTRAL,0.6988445389097799,0.4480175843231078
2025-06-30,29.330589725468084,101.59193402389181,RISK_ON,0.23168778884247154,-0.6280735518837364
2025-07-01,24.07735515727161,103.80418165780146,RISK_OFF,-0.4153409683147331,0.8190511187246592
2025-07-02,20.47827500746064,98.73963187270957,RISK_ON,-0.15847958444707855,0.6557407590123476
2025-07-03,13.514369783699056,99.74996828750584,RISK_OFF,0.4133887606850293,-0.6727163173441526
2025-07-04,26.309839255992976,106.8969372532756,RISK_OFF,0.9465214867277987,0.742340663921945
2025-07-07,25.46006757599197,104.086875278828,RISK_OFF,0.786277436758867,-0.45550492725905745
2025-07-08,18.460315280554795,107.50284050170485,NEUTRAL,-0.31513438323524645,-0.8382605083357879
2025-07-09,32.93509913243717,107.98750034391317,RISK_OFF,0.996395758575715,0.31364461302842006
2025-07-10,18.994530168885248,101.71860115333095,RISK_ON,-0.9929906729378835,0.30760931876866127
2025-07-11,22.343684443618443,100.98803064083275,RISK_OFF,-0.9447404883831698,-0.8101359808687638
2025-07-14,24.50653648612908,106.58356055159096,RISK_ON,0.6476810303423877,-0.36229638212683524
2025-07-15,14.30533319805458,107.98611427037454,RISK_OFF,-0.601074626333896,0.9856289245110772
2025-07-16,33.43971954191355,104.29641234232457,RISK_OFF,-0.8784614632075183,0.35685333401747377
2025-07-17,20.614331506373944,105.95140722511522,NEUTRAL,-0.5257038535269956,0.4601503332066583
2025-07-18,13.857921919109902,105.81745858815275,RISK_ON,-0.14779969203827958,-0.5741654287913887
2025-07-21,20.90769699453259,101.55339708219547,RISK_OFF,0.46113254086680966,-0.8424358579921714
2025-07-22,25.804658583129356,103.74270380257087,RISK_OFF,0.248671053102411,-0.4461966205181247
2025-07-23,23.81401145189058,106.33056941264213,RISK_ON,-0.5247575648791591,-0.5022032296136161
2025-07-24,27.9744654028573,104.88113876261056,RISK_OFF,0.006540896201168822,-0.5309117985038938
2025-07-25,13.276130667561944,98.21163813982038,NEUTRAL,0.8524282107971375,-0.6144913562259209
2025-07-28,18.544434036257293,101.36705668897534,RISK_ON,0.6300155539675154,0.14951138131080866
2025-07-29,30.84230326732235,99.44475696594606,NEUTRAL,-0.3536204303364132,-0.3437930483163565
2025-07-30,13.8375548192013,100.32972212078039,RISK_ON,0.9645291227113926,0.6406900300950609
2025-07-31,31.676176958007023,107.05489477491325,RISK_ON,0.41724080087026194,-0.632105164305232
2025-08-01,14.113610117773444,98.36893288910768,RISK_ON,-0.8751012886664364,-0.07074585826291102
2025-08-04,31.192446942509015,100.19800711961923,RISK_OFF,-0.9296785734227226,-0.97268432714784
2025-08-05,20.298133224810712,101.09569352238232,RISK_ON,-0.66318410197994,-0.036635355089615906
2025-08-06,26.080808454915964,104.16884071966395,RISK_ON,0.4557117361002936,-0.8883235582470512
2025-08-07,15.516403659903958,103.34101690085865,RISK_ON,-0.6325221483151442,0.9554470237452872
2025-08-08,13.52188059967916,100.18269482853385,NEUTRAL,0.022973538417667028,0.5811842573008257
2025-08-11,16.966578692463106,99.64241067223155,RISK_ON,-0.8134797596383365,-0.019777046727089242
2025-08-12,14.940637811899997,100.36798034596119,RISK_OFF,0.8417723156603902,-0.8268252836412995
2025-08-13,19.18533564663153,103.02529626701656,RISK_ON,-0.3120787728328649,0.18489088158082856
2025-08-14,23.830814669753465,100.71177785711204,RISK_ON,0.8162641131212616,0.517527501403755
2025-08-15,25.54146766199522,107.47602501607722,NEUTRAL,0.8897512838210886,-0.6185654939905094
2025-08-18,30.166966469734085,102.63865221428847,RISK_OFF,-0.9877427053726384,0.13641668157498166
2025-08-19,27.09351754471225,98.58796016544638,RISK_OFF,-0.07172962560253593,0.628421796765736
2025-08-20,26.001441477979718,105.29266405836634,RISK_OFF,-0.9506878885862142,0.5364955552926327
2025-08-21,21.470986632172817,101.2884528820899,RISK_ON,0.8173855326058117,0.6059840357343058
2025-08-22,22.89759400408319,104.53488932058248,RISK_ON,0.036815089469151685,0.7586468497394396
2025-08-25,21.533979075974166,100.79594370523232,RISK_OFF,-0.8501119746030064,0.8753642043189405
2025-08-26,31.369818691411812,103.7074374173332,RISK_OFF,-0.7794465434468663,-0.18895768959292814
2025-08-27,17.290010408613195,105.72152504807465,NEUTRAL,-0.2329819510145219,0.13753820504575454
2025-08-28,12.131581425465185,107.28008741774553,RISK_OFF,0.8804683857457789,0.5813190520912217
2025-08-29,26.980357636203504,100.61127144433077,RISK_ON,0.3858183031361617,0.39427962789156634
2025-09-01,16.65663022369312,101.34856950998982,RISK_ON,0.7352377323782648,0.9910404565287576
2025-09-02,32.47264813512561,102.6426642028594,RISK_ON,-0.2670867073200407,-0.9726446977907117
2025-09-03,31.75806558325309,107.27174837735988,NEUTRAL,-0.9135726009000034,-0.28973356936841865
2025-09-04,13.764729554348735,107.01386856810657,RISK_OFF,0.9486352744088282,-0.4379441474595951
2025-09-05,14.44693332452378,98.89878280100638,RISK_ON,-0.9656540186752609,-0.4753682996689308
2025-09-08,23.388946621673327,99.31929825753811,NEUTRAL,0.895303306162178,-0.5549404350022284
2025-09-09,26.012121243695155,102.95509177330638,NEUTRAL,-0.2626451523017106,0.4182476816304581
2025-09-10,18.322891762091537,99.06619272805423,RISK_ON,-0.979819189956237,-0.8304810534493563
2025-09-11,28.486347484085524,101.45580873348698,NEUTRAL,0.37831446344901654,0.48321766788667664
2025-09-12,25.683068481134043,99.48385378217478,NEUTRAL,0.9610806080627083,0.3868516840325469
2025-09-15,19.470954524216758,104.36040355131885,RISK_ON,0.931251445675185,-0.4983917349982072
2025-09-16,12.58354422497326,107.49495431739162,NEUTRAL,-0.6781259775951631,-0.4943324336696775
2025-09-17,29.253456469865906,107.96733770294381,RISK_ON,-0.63750438786769,0.25772117068900435
2025-09-18,16.9393343139769,101.75241132496915,RISK_ON,0.1310778292393202,0.5243422109673557
2025-09-19,31.192896099640453,103.99012637114612,NEUTRAL,0.27460965285664884,0.752971226174731
2025-09-22,21.66667598124787,106.56267653524081,RISK_ON,0.47883582733173125,0.7042791277089515
2025-09-23,25.272781180530604,99.17462072796384,RISK_ON,-0.637899279055705,0.9297659883277063
2025-09-24,32.07782079940704,104.89564411051965,RISK_OFF,0.9180141735288689,0.16276979067302233
2025-09-25,31.86332902115893,102.08843661725068,RISK_ON,0.2774785125784758,0.8173111226807193
2025-09-26,20.544950230602183,100.06146160280164,RISK_OFF,0.6940938377411097,0.6170265465208216
2025-09-29,16.80444453244139,102.02753618747442,RISK_OFF,0.0801314305683436,0.7893352486280272
2025-09-30,29.828359787757677,98.75960286964917,RISK_OFF,-0.17144630482023482,-0.9767467974292667
2025-10-01,21.960844682849014,104.95407148589305,RISK_OFF,0.9543658131899919,0.9318059837316219
2025-10-02,16.416965851857093,100.52742668748454,NEUTRAL,0.16424274163967212,-0.05293967430704338
2025-10-03,32.80178287329446,101.11405645044879,NEUTRAL,0.7337471655983578,0.5963659791496858
2025-10-06,16.55639646754501,99.21081298241462,RISK_ON,0.9065847927325799,-0.7455917613244383
2025-10-07,12.593564868398314,106.64659113889891,RISK_ON,0.35070925401731845,-0.20811780837205185
2025-10-08,12.46643939665066,102.93444279282738,RISK_ON,0.0978773570373499,-0.45707867395801816
2025-10-09,26.31325319844808,103.721468777864,NEUTRAL,-0.9929782981786988,-0.41668245899812595
2025-10-10,27.218526396503197,103.69432683094854,RISK_OFF,-0.919960718521988,-0.7534887600982365
2025-10-13,19.153959216310632,102.10493114541342,NEUTRAL,-0.5982975678977673,0.611527665086014
2025-10-14,19.360252752682456,99.92529915438139,NEUTRAL,-0.6279831362880095,-0.9815153708378437
2025-10-15,19.808360046378684,105.451327484984,RISK_ON,-0.4904824096003093,-0.374989086029595
2025-10-16,27.64364657545421,99.27056265357675,RISK_ON,-0.39013072460467835,-0.65117891356717
2025-10-17,13.337077193617057,99.0387379027881,RISK_ON,-0.2798690128985435,0.178077881216681
2025-10-20,33.36967611190049,105.10145037596503,RISK_OFF,-0.15892461986224693,-0.4914951947709123
2025-10-21,17.11798401608127,100.08837020451983,RISK_OFF,-0.8022673230879707,-0.48200309094380067
2025-10-22,34.99248372056812,101.06772751352833,NEUTRAL,-0.9152761360944359,-0.023323712009362563
2025-10-23,15.9450219571053,102.7522746700174,RISK_OFF,0.34788889814604684,0.3053780786818514
2025-10-24,29.745568518184683,102.49351316729546,RISK_ON,0.07466964968615541,-0.7573905908696728
2025-10-27,17.138488533381377,105.08579125064999,RISK_OFF,-0.11171159555976073,-0.6489770950690077
2025-10-28,13.859476437794841,104.2343179344336,RISK_OFF,0.2688798823367047,-0.5056505108109648
2025-10-29,32.123466460064925,104.44396162281866,RISK_OFF,0.655358814407081,0.9474964282359211
2025-10-30,31.751278961390515,105.14054330655458,RISK_OFF,-0.14461418176759078,-0.2056950001141593
2025-10-31,21.28211902634083,100.92612727423466,RISK_ON,0.28223893010395873,0.19798018126205297
2025-11-03,28.155111278429818,101.22333311800473,RISK_ON,0.9071444476703174,-0.5169143745680442
2025-11-04,24.812516451730094,102.37997747895554,NEUTRAL,0.6792489917231215,-0.019080949685024162
2025-11-05,31.61799061449622,101.07462173033527,NEUTRAL,-0.1479983789951811,-0.8517616512280839
2025-11-06,19.24628729432905,107.84937868970863,NEUTRAL,0.28943367562948596,-0.9305157081553461
2025-11-07,24.04446519997666,106.14051926421429,RISK_OFF,-0.6458581561681205,-0.06253294635707962
2025-11-10,23.16356453770466,99.6465468825603,RISK_OFF,0.12104436979017974,-0.20268142496317587
2025-11-11,20.13983400390775,98.05594155881869,RISK_ON,0.9626565822768856,-0.7262393606163446
2025-11-12,32.50346648479656,98.42783268247268,NEUTRAL,0.03663023040504454,0.37520285784146745
2025-11-13,15.815192267238317,100.44063451042925,RISK_ON,0.8552765983802946,0.9858069817985289
2025-11-14,15.438698708976013,99.14291285836856,NEUTRAL,-0.1853301589934786,-0.20870635760657508
2025-11-17,25.26891931242328,103.33338114892572,NEUTRAL,0.9976896543692624,0.24911727183478893
2025-11-18,27.122367289653667,106.5799522272736,NEUTRAL,0.15844007045511566,0.9259518847289714
2025-11-19,16.476242849465,105.36750220913227,RISK_OFF,-0.9154620115281309,0.6630699448937505
2025-11-20,20.986501171856354,100.15609063082191,NEUTRAL,0.17350959338277616,-0.0728955533946285
2025-11-21,33.77096838851111,101.99299256025786,NEUTRAL,-0.45085460864080673,0.4749789689198387
2025-11-24,17.672200721885503,103.07894209531278,RISK_OFF,-0.9350373559282106,-0.743729919498952
2025-11-25,27.372296148700066,106.10205849503336,NEUTRAL,0.6417066093893267,0.024207710927598436
2025-11-26,29.023436055044588,106.39121603106165,RISK_OFF,-0.44854072603848816,-0.44187944564012693
2025-11-27,22.30696008769867,107.09718311907776,RISK_OFF,0.593097108092997,-0.6776726242076778
2025-11-28,33.563097695470404,103.09245250502875,RISK_ON,-0.42356483408826606,-0.1474381874909303
2025-12-01,28.943104910032183,104.94274746435863,RISK_OFF,-0.6113472922524514,-0.7379708911327711
2025-12-02,22.53226533680065,99.11800371233937,RISK_OFF,0.9478711482088549,0.3979702163489711
2025-12-03,25.094709640850162,103.65288959953982,RISK_OFF,-0.2767093444899609,-0.08751991189332897
2025-12-04,27.930109198777316,100.48691809471136,NEUTRAL,0.2027524228863209,0.06228926512932764
2025-12-05,25.62037414987202,102.31716885026611,RISK_ON,0.21996298562894312,-0.707248122663686
2025-12-08,32.21004442799975,104.3405050830672,NEUTRAL,0.12094696434700358,-0.720456677813011
2025-12-09,20.208439232449226,100.56985937853781,RISK_OFF,0.8293914870424293,0.16683087052024814
2025-12-10,18.897372021283513,98.52185057796761,RISK_OFF,0.34888214273373697,0.9700194956588926
2025-12-11,16.91829445839108,98.10233856408757,RISK_ON,-0.19253399179013964,-0.8074988335245488
2025-12-12,12.869008265485688,98.22159535544522,RISK_ON,0.724760769048548,-0.42853714286843747
2025-12-15,12.989321180741273,98.0834973751377,RISK_OFF,-0.6378742017680712,0.7389182330757751
2025-12-16,32.011269441513505,99.10355056557876,RISK_OFF,0.08847351522083491,-0.8554559754895261
2025-12-17,27.603042367335867,100.3948871457013,NEUTRAL,0.9011007438875127,0.7517714427339026
2025-12-18,27.19224555503918,100.212215141823,RISK_OFF,0.2507952597608254,0.04857196674950237
2025-12-19,26.13678483550238,107.86796594179897,NEUTRAL,0.6339369009497524,-0.1834664521471483
2025-12-22,31.532040327964413,101.06006105208944,RISK_ON,0.3071214510903857,-0.3806388712970883
2025-12-23,23.046139290309434,99.27420783359399,NEUTRAL,0.6787417270757807,-0.4057656837443162
2025-12-24,32.01944905684091,103.45562544167758,RISK_OFF,0.8889757596904873,-0.38839483510104245
2025-12-25,20.2672356021915,106.57957455397508,NEUTRAL,-0.4541565449345264,0.7696061619203916
2025-12-26,33.31427259979908,104.78060376787676,NEUTRAL,-0.6606778374865623,0.44759046034957106
2025-12-29,28.069110541868522,100.9608208913545,RISK_ON,-0.03201849933492018,0.33944601566230115
2025-12-30,17.915074128561827,103.61616159791456,NEUTRAL,0.4037248536484317,0.5974982979040016
2025-12-31,24.97395319883838,105.1485597420041,RISK_OFF,-0.5456174936355678,-0.48577067399171003
